Quarter,Gross domestic product,Personal consumption expenditures,Goods,Durable goods,Nondurable goods,Services,Gross private domestic investment,Fixed investment,Nonresidential,Structures,Equipment,Intellectual Property Products,Residential,Change in private inventories,Net exports of goods and services,Exports,Goods,Services,Imports,Goods,Services,Government consumption expenditures and gross investment,Federal,National defense,Nondefense,State and local
2015-09-30,0.0067601891289906,0.0110971181839,0.010683492119353,0.010705669481303,0.01063428614526,0.011308816755957,-0.011072549991737,0.011007971289555,0.0077897210496541,-0.0067487098054784,0.013338343039639,0.009594298245614,0.023333333333333,-0.5121568627451,0.0075101097631429,-0.0064035087719298,-0.01419732985998,0.0098052384150436,-0.0038223841674705,-0.0070437845123702,0.010810810810811,0.0071087065928537,0.0030310477594823,-0.0024321037697609,0.011444028297961,0.0097528594771241
2015-06-30,0.014980764109625,0.014342001576044,0.019633474304755,0.018896911968044,0.020040773935454,0.011810299365948,0.0098801695650722,0.010214041692812,0.0075415442627265,0.0090126176647306,0.0010343206393981,0.016439119531903,0.020408163265306,0.0015710919088767,-0.058556925308194,0.010056261905817,0.011861614497529,0.0063530683968641,-0.0034177079995728,-0.0051044685729116,0.004625905068383,0.0094300682648039,0.0020522081759974,0.0014884979702301,0.0029215358931553,0.014031999171543
2015-03-31,0.0018960143960852,-0.0004891637786658,-0.019748247531469,-0.0013041810510165,-0.028730478965852,0.0089837031170727,0.019985019746698,0.0069856425738056,0.0029022470427861,-0.0248046875,0.0080568720379147,0.014988687782805,0.023320570831883,0.43841807909605,0.011738811445341,-0.039242391998297,-0.061243427157439,0.0094146541137945,-0.029606854142196,-0.036791666666667,0.0052567731500201,-0.0041106719367589,0.0028813698855685,0.0010837171498238,0.0056663168940189,-0.0084710955950303
2014-12-31,0.0053532396231047,0.0093981973537755,-0.0018307669157848,0.0064859856381747,-0.0057945174949855,0.015021917429695,0.0092777128719676,0.0095329222482102,0.0031318923687693,0.013058963197467,-0.0096686379423636,0.015654172052276,0.035688536409517,0.0022650056625142,0.059463661095997,-0.0047021943573667,-0.015469882453255,0.019757896201475,0.0067473567056205,0.003050946629331,0.025077720207254,-0.0046893686662051,-0.01492174195118,-0.028044766293614,0.0061233108108108,0.0018001337242195
2014-09-30,0.014597568037058,0.011521205451621,0.0090851575351133,0.012508795246658,0.0074090704984283,0.012745659225339,0.024141328828829,0.025102626512152,0.025003391056653,-0.00059323709709316,0.041145426114152,0.019771528998243,0.025697910889259,-0.0067491563554557,-0.030702580523639,0.0018674136321196,0.0085380835380836,-0.013045866520187,-0.0040872878420506,-0.0046176886596224,-0.0016552865714877,0.0098846263865493,0.013312515408004,0.014831640833779,0.011101622544834,0.0077226080646832
2014-06-30,0.016821417426682,0.014836387378332,0.019820889359176,0.02895985841847,0.015503875968992,0.01234933553106,0.032895932536076,0.016356520454881,0.01365782116504,0.0015844721727075,0.019631290483308,0.013657957244655,0.027545592705167,1.0819672131148,0.0028333962976955,0.02376710840756,0.026805424156418,0.017039106145251,0.019853045075597,0.019596199524941,0.021128248468202,0.007686641258047,0.0017286796180442,0.0021424745581147,0.00085470085470081,0.011480996068152
2014-03-31,0.0015745152615937,0.0072164680840017,0.0025615814531152,0.00024139040875439,0.0036613272311212,0.0095552579919658,0.0004363795047092,0.020689655172414,0.022206605762474,0.047945205479452,0.010777598710717,0.020606060606061,0.014258188824663,-0.55705394190871,0.1402110704286,-0.0098946009894601,-0.016317160938082,0.0044893378226712,0.015060240963855,0.020694432418391,-0.011899791231733,0.0023113222689481,-0.0022996057818659,-0.011384696849351,0.012548680225011,0.005270092226614
2013-12-31,0.01375579136153,0.012191597256891,0.0054110301768991,0.0042828282828282,0.0059466717820833,0.015633045935276,0.014161903005716,0.018227168073676,0.023299295268229,0.015598650927487,0.034921296778901,0.011959521619135,-0.0019230769230769,-0.087121212121212,-0.093871975019516,0.026586583049949,0.032675550999487,0.013219616204691,0.0043576907840243,0.001517582274639,0.018065887353879,0.00141447262674,-0.0022943297279582,-0.0050052687038989,0.0023855996530036,0.0038089192191716
2013-09-30,0.012143911707046,0.0083813191083479,0.0087914971788479,0.0015377144707026,0.012272321255194,0.0081732625161401,0.034765684628301,0.013337481043668,0.010316768381285,0.045164133068958,-0.0089876033057852,0.014781391006691,0.025438769473477,1.1683778234086,-0.029177718832891,0.011932427601001,0.012651657691559,0.010340370529944,0.0040862081434873,0.0040050498454574,0.00491243058522,-0.00022497910908282,-0.011181332036947,-0.016962320341836,-0.0017319766183156,0.0069784785851267
2013-06-30,0.0052370032906141,0.0045245657304069,-0.0044935601013663,0.000161890885543,-0.006712186089573,0.0091616179256055,0.016328588604895,0.011763317334172,0.0060913210857171,0.035828388863533,-0.0011350737797957,-0.0032568238213398,0.035743464052288,0.33424657534247,-0.0026455026455028,0.0049402676726848,0.0075173225258204,-0.00057413520884181,0.0034835619420857,0.0011767782426777,0.014737754659731,-0.0026924802871979,-0.012955854126679,-0.014672110232202,-0.010072867552508,0.0041724617524339
2013-03-31,0.0087990035159199,0.0096289064249438,0.012619047619048,0.018550581251546,0.0098165244828796,0.0080982625299622,0.022607385079126,0.015541971313277,0.010289484048838,-0.012618296529969,0.014551926298157,0.019769096947651,0.037947848208607,0.98369565217391,-0.0048890560361036,0.0056910569105691,0.0030159979019144,0.011469221835076,0.0036419258503897,0.0042895911756982,0.0002167786689789,-0.0075393669476697,-0.022284775979357,-0.025851354710415,-0.016234450769555,0.0025742786656657
2012-12-31,0.0042765853868954,0.0081906516399363,0.0094266563409619,0.015659018589851,0.0064690661020936,0.0075591152833305,-0.0033993438475829,0.019137587035303,0.0096932942287617,-0.019876325088339,0.021167415009622,0.013951250801796,0.062148164827741,-0.75168690958165,-0.0063527653213754,0.0020820132162578,-0.0081290238668141,0.025457793657883,0.00047367462197128,-4.3769422681275e-05,0.0030441400304415,-0.0050955817192049,-0.013955281418658,-0.020572124163116,-0.0025236593059937,0.0010737678513905
2012-09-30,0.0065749074240629,0.0059318877574195,0.0073980415366405,0.010663507109005,0.0059157595835305,0.0051844029021683,-0.0019330913681553,0.0042527090574525,-0.0022319214363654,-0.0063638358569234,-0.0056341022642714,0.0062933677585928,0.034233814625058,-0.17021276595745,-0.078671027715614,0.0043640330939176,0.0050326797385621,0.0028366676619888,-0.01301830474341,-0.016360270374995,0.0041484716157205,0.0,0.002550823220221,0.0032975085490963,0.0012634238787114,-0.0017685835253766
2012-06-30,0.0092651137167504,0.0047552983698726,0.00075382295929349,0.002375296912114,0.0,0.0068076997431578,0.030071521456437,0.020957708846491,0.022673091554654,0.036388446668183,0.022055627987831,0.01357540071966,0.013213780084946,0.36544342507645,-0.05498617211648,0.013919616519174,0.012440444679725,0.017314702308627,-0.0012929641202458,-0.0037316633782278,0.011260763965555,-0.0037835792659856,-0.0052287581699346,-0.0091965150048403,0.0016874077198902,-0.0027258150721539
2012-03-31,0.011947824875042,0.011849019662169,0.017392971596045,0.02522177770047,0.013793930670505,0.0090288421345967,0.027388109552438,0.040304017372421,0.036050239108729,0.059518072289157,0.04200158496547,0.011247105524314,0.060560560560561,-0.29373650107991,0.027754556094299,0.013358243811303,0.010160427807487,0.02077519379845,0.016501770654595,0.017589804024268,0.0109375,0.0035438552082014,0.0043246582747702,-0.0019323671497585,0.015420860998072,0.0029482712409542
2011-12-31,0.012715643063816,0.0068250499790785,0.010489897592029,0.02313578928635,0.0047806524184477,0.0049850169434565,0.074948388834036,0.026481209041059,0.026098678889189,0.04507680684966,0.025066728559823,0.014940406244754,0.028306742151312,-7.2147651006711,0.044898672257163,-0.00088664893368804,0.0055114934803065,-0.015417493512441,0.0087651456560968,0.012148789538788,-0.0081912773965021,-0.0051624276001008,-0.0084233095949154,-0.027598355842631,0.027282728272827,-0.0028863114009301
2011-09-30,0.0081625261142625,0.0096794787539666,0.0069676700111483,0.010338937337049,0.0054936177088382,0.011042840558371,0.007005016495684,0.043496464458504,0.048628781453209,0.069485591166173,0.064221316536989,0.013957446808511,0.019679874048806,-1.2365079365079,-0.024706082807974,0.016411326661291,0.01369489677727,0.022635029659694,0.0074203242681705,0.005284895856464,0.018489289740699,-0.0021986305672467,-0.0068446269678303,0.0078115753343591,-0.032978723404255,0.0010165864098449
2011-06-30,0.014601270474591,0.012153751128427,0.01528013582343,-0.0026898592307003,0.023525034109232,0.010558544122696,0.042006121968448,0.024985695212665,0.026764979098932,0.081876456876457,0.014280345734686,0.011361680151489,0.016808964781217,1.3954372623574,0.043377777777778,0.036885850587715,0.036511299435028,0.037745018629516,0.038331150319747,0.036455696202532,0.047720292936452,0.0095123343268438,0.012941992142362,0.026111246052951,-0.0099009900990099,0.0071128354348529
2011-03-31,0.00053840396055199,0.012537043451487,0.021859819569743,0.011334784185709,0.026787230429614,0.0079021745400012,-0.015302573614653,0.0014803495535074,0.0018030593846334,-0.072683058632802,0.030862603305785,0.010612386917189,0.00026688017080337,-0.57852564102564,0.11673615247171,0.030980630767671,0.037134695671281,0.016968698517298,0.048426834686377,0.060842814590556,-0.010981308411215,-0.0095471389988065,-0.01666540413605,-0.023829282750445,-0.0039865715484684,-0.0045059542967493
2010-12-31,0.01145593284499,0.015615533449294,0.028551034975018,0.025765045112083,0.029860534254361,0.0092854024159511,-0.0037420308602051,0.02501223690651,0.024979134374627,0.024923843810579,0.030883919062833,0.0171651035215,0.024890590809628,-0.48641975308642,-0.058504672897196,0.054765215531073,0.060015527950311,0.043134559202612,0.029523057091771,0.032103618586836,0.017352032327074,-0.0032866935862522,-0.0011349878934625,-0.0033085194375516,0.0027351146644225,-0.0047514815012545
2010-09-30,0.011357683059522,0.0094400110478707,0.011065672359875,0.0097680097680096,0.01167676588969,0.0086611861421022,0.034357528551632,0.000195828845589,0.021683518089901,-0.0093278463648833,0.044784422809458,0.012179831631739,-0.087824351297405,1.4251497005988,0.022553516819572,0.030760749724366,0.025151225724292,0.04357962697274,0.028922260728191,0.028775859387152,0.029613313754283,0.0041489863272041,0.013030814042618,0.020499216206439,0.00021043771043776,-0.0020246150567426
2010-06-30,0.014133818310617,0.0092787097416497,0.0062634270325879,0.023553162853297,-0.0016779264361724,0.010727480451652,0.051872329731088,0.032920353982301,0.029729051680883,0.03433598183882,0.053171231873444,-0.001609442060086,0.046202036021926,3.1404958677686,0.070595457335789,0.034679443303673,0.039463886820551,0.024058769513315,0.042553191489362,0.04900467747199,0.012890431333664,0.014605989093344,0.027891585250551,0.021431210740239,0.039142794664334,0.0055719260648273
2010-03-31,0.0078673669035115,0.0087776561448614,0.012685766814769,0.0092170369651693,0.014286993908993,0.0068871758097286,0.031898340248963,-0.00065696381645439,0.0068199040161658,-0.0650039798355,0.058777915632754,-0.0048051254671649,-0.030617408906883,-1.238188976378,0.10916931457104,0.023886001284822,0.039026906215078,-0.0081967213114754,0.041339588462074,0.051169172717398,-0.0009905894006935,0.0043882126841768,0.022970903522205,0.0090728312204822,0.048853211009174,-0.0078669005474937
2009-12-31,0.012680668237846,0.0067031989323413,0.0057320718666214,-0.014438707209791,0.015324450911737,0.0071773574685145,0.079265562024183,-0.0067760879385635,-0.010435543335625,-0.086745820208384,0.0089187920513221,0.024430264357338,0.0081632653061224,-0.75327829043225,0.08629191321499,0.072600851916813,0.082945447775088,0.051321332822673,0.075374625374625,0.087072715972654,0.027480916030534,0.0030522088353414,0.0060817385663315,0.0022421524663678,0.013011152416357,0.0010642260416112
2009-09-30,0.0030473348023766,0.012385105119859,0.03065048913734,0.040804140127389,0.025891024444859,0.0037001238408796,-0.021633167205214,-0.010676333300228,-0.022717557251908,-0.093365553602812,0.0074085750315259,0.00091240875912409,0.041722030294977,0.095795635976583,0.18700614574188,0.048400866881198,0.062617469581561,0.020320437670965,0.073746312684366,0.088117941435044,0.018926626912108,0.0084237809816945,0.015313683517207,0.022154316271963,0.0027958993476235,0.0039532026283455
2009-06-30,-0.0030242145732381,-4.0940820044774e-05,0.0036340452661779,-0.0071146245059289,0.0088004141371358,-0.0017939788642155,-0.074134171695147,-0.049107564453678,-0.043683933890089,-0.10393700787402,-0.037329286798179,0.0049514028974877,-0.072009864364981,0.29052197802198,-0.13252094440213,0.0021059559065482,-0.0011856535915424,0.0086716594402839,-0.025556600815303,-0.029915370989963,-0.0084832904884319,0.016834684061409,0.027406530197936,0.033149171270718,0.017061611374408,0.010145162160704
2009-03-31,-0.011409013120365,-0.0090673049616617,-0.015843137254902,-0.0030538863166191,-0.021865218191862,-0.0058152605626415,-0.12081494360483,-0.08252826755621,-0.07752397370973,-0.08665947500899,-0.11233836206897,-0.022058823529412,-0.10307454103075,1.2365591397849,-0.34611553784861,-0.11093558012989,-0.1377577100017,-0.05212030637026,-0.17226163696141,-0.19502534854246,-0.069155300311079,-0.0046889858018821,-0.0075554063129617,-0.024008216715881,0.023526558331312,-0.002905569007264
2008-12-31,-0.019746681937614,-0.026202727928177,-0.076167289800887,-0.078773028405481,-0.074944643161301,-0.00037455428040632,-0.079149390369063,-0.059640689289933,-0.046782724798439,-0.0055426425889503,-0.09727626459144,-0.013969938107869,-0.10898699251084,2.4627659574468,-0.22130299896587,-0.11150966936993,-0.14682366623056,-0.022818546914932,-0.14296307281625,-0.16717245019132,-0.013223140495868,-0.0020288622009883,0.0094915254237289,0.0029616276075199,0.022315893875527,-0.0092755477370862
2008-09-30,0.0020252480928914,0.002882386735078,-0.0024574997108824,-0.03325144762239,0.012721549010307,0.0056652101853247,-0.023021698151045,-0.024829175274114,-0.015869004902209,0.0099313831708198,-0.040261407398763,-0.0044014084507042,-0.057578008915305,-0.21338912133891,0.018698972873321,0.001614162978391,0.0077644301201289,-0.013506212857915,0.0064554647561475,0.0038853812530353,0.020481927710843,0.024301132935577,0.034633932485752,0.047760388559093,0.010270541082164,0.017906560312551
2008-06-30,0.0098579258814868,0.012171158164902,0.015412617796436,-0.010847869478434,0.028838901459692,0.010490096070401,-0.013335971507717,-0.011777638190955,-0.0014634638675817,0.025175860792299,-0.025031289111389,0.0097777777777778,-0.047922192749779,0.18905472636816,0.0034355179704017,0.058359969139204,0.066229303342705,0.039498315237739,0.042194913276814,0.0460465545908,0.021915784289584,0.020384431219646,0.026829927073017,0.029873558427122,0.020971867007673,0.016435938447962
2008-03-31,-0.0011508106746202,0.0064984863773965,-0.0035979640788626,-0.03176203680363,0.011352418558737,0.011815632991343,-0.032023289665211,-0.016031212577742,0.0047153070019774,0.015986458529246,-0.012915543575921,0.022355507088331,-0.082576249188838,-1.9178082191781,0.080216956894091,0.027869038178316,0.041737856968514,-0.0041014168530946,0.042741281427413,0.043117984294455,0.040215163934426,0.020416710292116,0.032153145618437,0.03242002582126,0.031662269129288,0.013414565982896
2007-12-31,0.0079342745560992,0.0113070454731,0.013068602755964,-8.401949252238e-05,0.020281096918921,0.010381807710866,-0.017906854262283,-0.0080088902513796,0.017751173951184,0.037261022239563,0.0031545741324921,0.0234375,-0.082328420425785,-0.54938271604938,-0.016149417216683,0.046162962962963,0.039056555921887,0.06280958985536,0.027671278546424,0.030072949233289,0.015344603381014,0.01451687143717,0.011467243161951,0.0092659620674678,0.015541264737406,0.016245384833854
2007-09-30,0.010220283865958,0.010133080435836,0.0069827817731491,0.0044729513039075,0.0084021974978072,0.011795647106995,-0.0051274374040946,-0.0057909174032308,0.015937090432503,0.056253863589532,-0.00067552353073635,0.0065530799475754,-0.063571727310749,0.031847133757962,-0.028512960436562,0.038397637068488,0.035632988968657,0.045360397680199,0.017642069550466,0.016751601998083,0.022062732589048,0.015022461814915,0.022194465795542,0.026910496580434,0.013579576317219,0.010794051788482
2007-06-30,0.01328583874322,0.011363754834809,0.014839041821871,0.0098005795125277,0.017521608417888,0.009555304704517,0.014311745501481,0.0041315990818669,0.022952753794176,0.059375682165466,0.012886304025545,0.0083065886350764,-0.042706526091018,1.3316831683168,0.0061770761839396,0.028218918063904,0.027620332883491,0.029643847302197,0.021265537701936,0.02028314028314,0.026466575716235,0.017144319344934,0.022095649612099,0.027654698242934,0.012094557449148,0.014208350317359
2007-03-31,0.011858044702269,0.01462934755014,0.012479303366652,0.0062601835177088,0.015988163986064,0.015745615451697,-0.002801332525742,0.004418828049952,0.023885350318471,0.049003892832608,0.015400648448356,0.016698656429943,-0.040957378727761,-0.48337595907928,0.012649430080623,0.023308514082227,0.019070321811681,0.033274570295284,0.019877203056672,0.021884370561313,0.0096418732782369,0.016724894075671,0.0047360631475086,-0.0021344717182497,0.017337807606264,0.024031007751938
2006-12-31,0.011352769888917,0.0084592982942728,-0.0018668706962509,0.0069948186528497,-0.0067314529509362,0.013984410820724,-0.015943972582328,-0.001840984926936,0.015388046387154,0.025358065273538,0.0073486527469965,0.020568070519099,-0.039818114784319,-0.49286640726329,-0.10700099304866,0.043510573609891,0.031882686849574,0.072306238185255,-0.0095375596097474,-0.020962093119077,0.054619407321325,0.013256006628003,0.013094762095162,0.026929700955065,-0.011061946902655,0.013293051359517
2006-09-30,0.0078769257525472,0.013032624787923,0.014027247618161,0.009590235396687,0.016479545126006,0.01250124349239,-0.0046718576195773,-0.0047333664160017,0.018512208972175,0.036757546251217,0.0057484748944157,0.025718304199317,-0.05240479795039,-0.0025873221216042,0.030706243602866,0.011411780784474,0.015760138381703,0.00094607379375586,0.018129175946548,0.021787180296811,-0.001740139211137,0.0093891359714146,0.0017022128767397,-0.0042095416276893,0.012034704729919,0.014155279122495
2006-06-30,0.011055836001436,0.013071609209244,0.0095241078981171,-0.0054625856238619,0.018002550770137,0.014977113624125,-0.0010001111234581,-0.0020950784702118,0.018272233144443,0.056041131105398,0.001292141430753,0.017583316295236,-0.041522491349481,0.038978494623656,0.0056613484302625,0.03259949195597,0.03029702970297,0.038310412573674,0.023058694859643,0.023869820572229,0.018611521418021,0.014852249054857,0.0034160554606652,0.012470402525651,-0.012710693561757,0.021917465088609
2006-03-31,0.019975189812877,0.015904263009798,0.019157699798844,0.036767349874146,0.0094577865808368,0.014165272894836,0.023971173904798,0.03102662791611,0.044071480318764,0.064004376367615,0.050987654320988,0.017262895174709,0.0067423305989437,-0.17516629711752,-0.013079365079365,0.04482453553524,0.04989604989605,0.032454361054767,0.023555203134475,0.017377480539415,0.058805129809196,0.020029118954865,0.0446053736356,0.042283645936163,0.049289649173674,0.0052880075542966
2005-12-31,0.01334302633771,0.011611030478955,0.0020797337940744,-0.028810895756941,0.019949494949495,0.016797973137125,0.043249446027224,0.014705296297772,0.013832782470315,0.049669824863623,0.0059612518628912,0.0010410160316469,0.016447744146202,4.0391061452514,0.076702214930271,0.034708978564345,0.035522066738428,0.032731081434931,0.049747833325173,0.054999710832225,0.020753512132822,0.0078125000000001,-0.010694631917766,-0.02502406159769,0.015307624374448,0.019314681724846
2005-09-30,0.017827826207598,0.018821857196896,0.022241119905802,0.0042083114150449,0.032971619365609,0.01695932233301,0.023365053654586,0.028865472139079,0.024197592778335,0.030778336786031,0.028878098645541,0.011796924373288,0.037691122436885,-0.41503267973856,0.061384414453635,0.0083070533035922,0.0043243243243243,0.017857142857143,0.026694148401367,0.027880156937344,0.020195439739414,0.021014698141475,0.02654018332978,0.030413223140496,0.019813869708796,0.017564479268691
2005-06-30,0.012517851986546,0.017589903302189,0.01696381053752,0.027104907699234,0.011023788174482,0.017928036359064,-0.0023028442146088,0.026602685524267,0.02223646267222,0.021463119709794,0.023006535947712,0.021299483648881,0.035087719298246,-0.69246231155779,0.018173758865248,0.025153761236398,0.038858939802336,-0.0068819481206988,0.022724935732648,0.024482338611449,0.013201320132013,0.011260339038572,0.0075171821305842,0.013739946380697,-0.004185351270553,0.013567174056916
2005-03-31,0.020020378596106,0.012853986744326,0.010181109505729,0.0085369176278268,0.011146666666667,0.014303414598593,0.039650537634408,0.027240887274614,0.022273173927285,0.04320403658152,0.013782136231116,0.021987686895339,0.036759094378021,0.46323529411765,-0.010526315789474,0.034083496412263,0.029840388619015,0.04393478861564,0.018058099973829,0.020065850779648,0.007313829787234,0.017074795935366,0.030886748588509,0.036470996873915,0.021374045801527,0.0087455771413311
2004-12-31,0.015726448733394,0.018237155196266,0.022644491787506,0.015587529976019,0.026890848348759,0.015863026376677,0.030069657768355,0.028323699421965,0.027530963920302,0.029879831113998,0.030874316939891,0.020417321067983,0.02986638721509,0.091492776886035,0.072100313479624,0.034064080944351,0.028551034975018,0.047770700636943,0.047423245614035,0.04996412497554,0.034032313509797,0.0081451003442773,-0.0039695666556401,-0.016734972677596,0.019296607531902,0.015594277578141
2004-09-30,0.015293808593429,0.015440430963928,0.012877627732145,0.011663711859662,0.013488010657194,0.016826334908057,0.022925425979199,0.030092062474236,0.031523399527843,0.043021680216802,0.031567080045096,0.023656407900781,0.027317992194859,-0.18241469816273,0.049342105263158,0.011686428388638,0.013870461946689,0.0064102564102564,0.024546424759872,0.02651489789086,0.013942140118508,0.016299709848097,0.022781098454945,0.037010802195856,-0.002483700714064,0.012424492037342
2004-06-30,0.016098895599079,0.013557349445325,0.011156079535457,0.0088487244657819,0.012589928057554,0.014860657459935,0.048394580549369,0.036556995679628,0.028493894165536,0.028571428571429,0.042609462239201,0.006472491909385,0.052549575070822,0.55828220858896,0.11233077204537,0.027162008236222,0.032246015936255,0.015384615384615,0.054742579536702,0.059219858156028,0.032385750269881,0.017584994138335,0.016275071633238,0.017844268204759,0.013849543594586,0.018313994128338
2004-03-31,0.014521697921603,0.017421427221767,0.01907972599792,0.015583173996176,0.021178901452104,0.016523630150285,0.010502625656414,0.0056818181818182,-0.0079348211122919,-0.00069637883008353,-0.01845976348428,0.0039452309120447,0.033826328891492,0.2734375,0.068204025796365,0.042473511143588,0.031595170819419,0.069281872825055,0.05066915655151,0.049810140719232,0.054648956356736,0.020289726664599,0.028770192194317,0.027597703278385,0.030824140168722,0.015113886326545
2003-12-31,0.016490180729628,0.011853929003888,0.008390293298615,0.0035498416962487,0.011260084740844,0.013739075663334,0.041253722599229,0.02661634233616,0.016564638098668,0.014482515012363,0.020306062389641,0.011739845034046,0.048035604665439,3.7407407407407,0.023604720944189,0.050167865707434,0.052731206057328,0.043578738857709,0.041558609958506,0.04277950310559,0.035770440251572,0.011697741125852,0.021192052980132,0.032906064664243,0.0012995451591942,0.0060679611650485
2003-09-30,0.02237329276122,0.020937979855815,0.033180136755969,0.03423298273467,0.032604135451004,0.0143961024699,0.03948236488201,0.035110863057486,0.021631962328011,0.0031892274982283,0.028606023914031,0.023552030761836,0.064879882333715,-21.25,-0.0029916234543279,0.029833053442655,0.020701076455976,0.0528328119569,0.018960163836956,0.0073517910214298,0.082092726499362,0.0064504488249356,-0.0010825114265095,-0.0077828397873954,0.010505581089954,0.011042944785276
2003-06-30,0.012519924132465,0.011997102785277,0.0074534161490684,0.034702258726899,-0.0083209509658247,0.014441968806968,0.0052545658606264,0.021615177275555,0.023572827233017,0.026928675400291,0.0288072251635,0.012901655306719,0.017459261722647,-1.0129032258065,-0.0003987240829347,0.00079090459713293,0.0024903154399558,-0.0034638032559751,0.00039653691097755,0.0027448827542938,-0.01218487394958,0.017860422405877,0.053338401114912,0.074663402692778,0.018388498829823,-0.0023043133866206
2003-03-31,0.011374484410742,0.01149563086104,0.011306532663317,-0.0094579477270415,0.023729844843322,0.011597410048357,0.012238574748257,0.011800492998374,-0.0004516711833786,0.0047531992687386,-0.0081853281853281,0.0085931745642033,0.039944665398582,0.040268456375839,0.038509316770186,0.0038705835649067,0.012324929971989,-0.016689373297003,0.01509459278143,0.019509074918046,-0.007919966652772,0.016284821053614,0.026664932362123,0.02316844082655,0.032447359337246,0.01055159365449
2002-12-31,0.0060432541156643,0.0099689227912983,0.0025188916876576,-0.020129546586946,0.016639861437585,0.014003739871182,0.0044608122827947,0.0021549458635552,-0.01138647019424,-0.0025528811086798,-0.017301563211413,-0.0080370189965904,0.034711039541957,0.17786561264822,0.11909175162187,-0.013703993735317,-0.021649767059468,0.0061686086360521,0.025736306083127,0.020729617236595,0.052654673102238,0.016795559140295,0.030286786384347,0.042655059847661,0.010463899546564,0.0092538190364278
2002-09-30,0.0093554523173722,0.012063448839268,0.012520287502898,0.024293150964581,0.0052232309414251,0.01183593667879,0.00119443290403,-0.0020456333595594,-0.0058449245338857,-0.038906414300736,-0.0027243832299078,0.01232741617357,0.0073900504686374,0.32460732984293,0.0375,0.013995037220844,0.016010023666992,0.0089903181189489,0.02086406743941,0.023044167988645,0.0093002657218777,0.013025088916659,0.017869322057018,0.020884247944901,0.013074204946996,0.010388839418225
2002-06-30,0.0092667798862881,0.012838900074468,0.011056847040438,0.0049235819058366,0.014893348479112,0.013832644187732,0.0081675392670157,-0.0019369699507905,-0.014796996865661,-0.044541192230409,-0.015936848376527,0.0092062702164719,0.030652052758685,-96.5,0.10844657607248,0.03513818966403,0.040260680666184,0.022630834512023,0.055539077561916,0.065948736205055,0.0035555555555556,0.015769174437338,0.026175811870101,0.025985867335309,0.026478055857817,0.010270634980133
2002-03-31,0.012437741209012,0.0048222154477177,-0.0069835111542192,-0.0210864544633,0.001896813353566,0.011359962061607,0.036522494166169,-0.0069144788146608,-0.021120228326793,-0.044174135723431,-0.021282798833819,-0.0029769288017863,0.031028538594139,-0.99752475247525,0.051260504201681,0.016926131020792,-0.005329876116393,0.076103500761035,0.026253709763336,0.015821354307929,0.081730769230769,0.024611074983743,0.045514415337334,0.042785833135251,0.04988575780655,0.01375588995288
2001-12-31,0.0058085436345692,0.015936030633218,0.024891645791085,0.077930511960169,-0.0059082338152106,0.011027568922306,-0.04883084705518,-0.022363405336722,-0.030103806228374,-0.08974358974359,-0.0092432120161756,-0.015388373229116,-0.00057427258805504,1.6843853820598,-0.02645214071448,-0.041462193289935,-0.032878239063806,-0.063769148557178,-0.037430413126282,-0.034648280677256,-0.051527587779298,0.017094886797253,0.012446288339013,0.010084033613445,0.016647309330236,0.01952580195258
2001-09-30,0.00010339900736956,0.0044258423947624,0.0020719607921267,0.0047852093529092,0.00050308137341212,0.0057206733298265,-0.015099135739705,-0.0056100272920246,-0.015399291360044,0.024171888988362,-0.032960893854749,-0.016810758885687,0.022309197651663,1.5948275862069,0.020595602560534,-0.053195524369429,-0.060471204188482,-0.034067446662079,-0.034443737180847,-0.036819098856759,-0.022291573785109,0.0035229245379353,0.012755102040816,0.015110894467463,0.0085903943771964,-0.0013154840207383
2001-06-30,0.01239995812754,0.0073642527491312,0.00432190163672,-0.0078765645230902,0.011513262515107,0.0090456706845073,-0.00025412960609911,-0.0098088279451507,-0.022577422577423,0.020712762717027,-0.047492350671811,-0.012099644128114,0.028790014093014,-0.62091503267974,-0.082716364564718,-0.038387890945564,-0.044163643187789,-0.022864828513786,-0.050053748992206,-0.059753398672147,0.0049283154121865,0.02442596370103,0.021302681992337,0.017104610808131,0.0285140562249,0.026123550897253
2001-03-31,0.0034185422495537,0.010944070042048,0.0023264209217441,0.012011356191308,-0.0032967729664617,0.015770673735763,-0.045644159875825,-0.0044838581108011,-0.011780966170857,-0.014114114114114,-0.019947848761408,0.0050071530758227,0.018245182451824,-1.5635359116022,-0.026590457256461,-0.016765285996055,-0.016488249046389,-0.017509084902544,-0.019370140993543,-0.023162445954293,0.0031460674157303,0.023117675389308,0.025782109731174,0.020748987854251,0.033623910336239,0.021742657796528
2000-12-31,0.011093517678182,0.014506727440067,0.009842838626053,0.004497093342108,0.012907783200616,0.017137764778466,0.0028212861173265,0.0043532649487116,0.0025734081161333,0.015553522415371,-0.0090439276485788,0.014023210831721,0.0097288346098116,-0.050699300699301,0.035778635778636,-0.008709562744401,-0.012275157997083,0.00099206349206353,0.0027085948338508,0.0086441865898296,-0.030923344947735,0.012845528455285,-0.0001571832756995,0.0043202033036849,-0.007416563658838,0.019604599222433
2000-09-30,0.0076958251850987,0.016000474967717,0.013131976362443,0.010865949661825,0.01459473547042,0.017625857458435,-0.0077227531615021,0.0086811689294908,0.013915835953703,0.045933014354067,0.0,0.015467714215566,-0.0071927661323469,-0.36725663716814,0.080367074527252,0.029742838839572,0.039807911032478,0.0033178500331785,0.042277766301728,0.041950665368387,0.044110959527058,0.0088031056919459,-0.0048490536524322,-0.0098137896326119,0.0033071517155849,0.016223940820444
2000-06-30,0.024653573920845,0.014241197103587,0.0099888092178888,-0.020631990444131,0.028824239174152,0.016666666666667,0.064700138753276,0.026686703285315,0.034036665513663,0.051307847082495,0.032826261008807,0.02362402613722,0.0049566294919455,4.5802469135802,0.019274376417234,0.036717267552182,0.038178955654684,0.032899246058944,0.032342905885698,0.031987941718305,0.034336782690499,0.018829034594173,0.034298657175214,0.043866561597058,0.018955349620893,0.010705182667799
2000-03-31,0.010568098246038,0.02370201420888,0.022937335707623,0.050895811936551,0.0064089590501248,0.024138682420163,-0.0017954242330974,0.034634355565087,0.038881701882995,0.033264033264033,0.042136003337505,0.037278415015641,0.021950189953567,-0.80760095011876,0.18988195615514,0.02211016291699,0.023911875335841,0.017433751743375,0.059576711606538,0.062928348909657,0.041136141038198,0.0061091805851361,-0.021374287523749,-0.042023150478108,0.013663535439795,0.021080940400798
1999-12-31,0.022013323311677,0.020716667715346,0.020641308581072,0.005853994490358,0.029589497812044,0.020759706398438,0.030937648738696,0.007998270644185,0.0054921231391821,0.01906779661017,-0.012360939431397,0.030075187969925,0.015430775825118,1.079012345679,0.07388627308946,0.028731045490822,0.038070004183517,0.0052576235541535,0.038482596793117,0.041917833627006,0.01998001998002,0.025284450063211,0.027660266840221,0.025548387096774,0.031263760457948,0.02407604832978
1999-09-30,0.016249869205818,0.016664001279386,0.016808201698421,0.019185774450164,0.015374850130475,0.016581664698641,0.024433849821216,0.021925222289722,0.023975136895072,0.0063965884861408,0.022468754388429,0.040514110086616,0.015893751360766,0.15384615384615,0.12510187449063,0.030427631578947,0.028395238778144,0.03557168784029,0.049499261205057,0.052513421181064,0.034090909090909,0.021423959617304,0.022458825486608,0.030859271082735,0.0088849400266548,0.020859785960457
1999-06-30,0.011633199606228,0.020231685429923,0.030796444121916,0.042566166605684,0.023902368573079,0.014295907446104,-0.002593753377283,0.02461521050249,0.023865444351845,-0.0038938053097346,0.024456912674435,0.045574057843996,0.026598122485472,-0.57913669064748,0.17697841726619,0.011647254575707,0.013370149687545,0.0073126142595978,0.041107597641227,0.047010730710271,0.010438413361169,0.016527446300716,0.011101766190076,0.015945945945946,0.0026726057906459,0.019509939898289
1999-03-31,0.01301778954931,0.012137726034184,0.011144232974089,-0.0064226854095978,0.021766398583339,0.012670640757658,0.031319661168078,0.018911439114391,0.02088328563694,0.0046230440967283,0.022205882352941,0.031956587277661,0.013363533408833,0.39,0.16675993284835,-0.0048639138983752,-0.019521231119977,0.034026465028355,0.021921397379913,0.026973131821998,-0.0031217481789802,0.013117330593,0.0015161725067385,-0.0075107296137339,0.017217942908926,0.019513574660634
1998-12-31,0.019592193735309,0.017252385432066,0.0284892222065,0.051210191082803,0.015129952812523,0.011062697315209,0.031382917576733,0.027853502429774,0.026274011747897,0.0050035739814152,0.032806804374241,0.031405472636816,0.032507015902713,0.14503816793893,0.02348224513173,0.033144445632417,0.037245048773278,0.022419791264012,0.031624470673034,0.032845528455285,0.025613660618997,0.015780424904826,0.015221481101419,-0.0026752273943285,0.046467520151731,0.01628664495114
1998-09-30,0.016876605111899,0.016217692649117,0.014644651830581,0.020540821632865,0.011209573581762,0.017089934453202,0.026551805522776,0.018100639555931,0.010994302222936,0.0057512580877068,0.0038115566397317,0.030438961871195,0.039630440068077,0.40482573726542,0.075785582255083,-0.012667581547556,-0.010384671639608,-0.018588770864947,0.00027036770007226,-0.0047470061495307,0.025725232621784,0.015083520319122,-0.0032390044323218,0.013832384052075,-0.032124827902708,0.025545293770878
1998-06-30,0.011811422207724,0.019474755912912,0.021860328638498,0.042700284668564,0.010098691760386,0.018129255376635,-0.010220171698885,0.031234444997511,0.027796106895414,0.064269319051262,0.015639516878291,0.022273173927285,0.041793313069909,-0.64509990485252,0.20044378698225,-0.016303219106957,-0.034594747246541,0.034131031777168,0.01038062283737,0.006624674196351,0.029875986471251,0.024063317801749,0.026421697287839,0.037130801687764,0.0087962962962963,0.022606249372049
1998-03-31,0.011538067658137,0.010250369224277,-0.00029334115576422,0.00067824199674444,-0.00084085002293238,0.016199000604031,0.040722056767763,0.025261546312835,0.025805905744987,0.0049980776624373,0.036430749478414,0.022438044206296,0.023328149300156,0.35263835263835,0.15555555555556,-0.0054735102757409,-0.005616399887672,-0.0050741608118657,0.011886114438404,0.010979358805446,0.016618911174785,-0.0036250317985246,-0.025575447570332,-0.053262316910786,0.023696682464455,0.0095344355411299
1997-12-31,0.011102418371339,0.015008476844829,0.012323682256867,0.019922523519646,0.0080912383447638,0.016522467206252,0.012305420537747,0.0065493771670732,0.0029701289884589,0.017207665232695,-0.011736716891356,0.021553198768389,0.017941952506596,0.14432989690722,0.20867768595041,-0.0059542141463916,-0.0073867595818815,-0.0011695906432749,0.013446633672612,0.01380231522707,0.011594202898551,0.0080779587126556,0.0018790570550052,0.0091373286750873,-0.010782934833568,0.011802134646962
1997-09-30,0.016358937779909,0.019726665574785,0.023297037224614,0.037611254665518,0.015494170122858,0.017724251548032,0.022265551292534,0.037229437229437,0.043570669500531,0.053998351195383,0.046820521334883,0.028501055594652,0.017996239591727,-0.23190045248869,0.13615023474178,0.020534311157674,0.023537803138374,0.011834319526627,0.030008656343176,0.030275229357798,0.028622540250447,0.0048962762530601,-0.00051220761481999,-0.0061431623931623,0.0094652153336488,0.0081738230729436
1997-06-30,0.017828876114305,0.0070372202979824,-0.0061408365631449,-0.012755102040816,-0.002497853407228,0.014582132564841,0.0446123521682,0.019902187202826,0.020238525478858,-0.00041203131437987,0.025191489361702,0.027105168052042,0.01888341543514,0.77510040160643,-0.21691176470588,0.039307491289199,0.047989236059202,0.016032064128257,0.012169003115265,0.012188044109112,0.01145958986731,0.013053126223731,0.023772067820311,0.02913688840022,0.014402304368699,0.0066659722945526
1997-03-31,0.013876989537957,0.014992280649541,0.014709637877318,0.023201856148492,0.010092249467791,0.015183874082092,0.028378378378378,0.018612052860998,0.021504383940932,0.015906236919213,0.010491916064672,0.05129179331307,0.0099502487562188,0.43515850144092,0.22522522522523,0.016154016375304,0.028602183607566,-0.01577909270217,0.034857948821277,0.034834834834835,0.034956304619226,0.0081589682853008,-0.0072878709005725,-0.027012570205937,0.029658922392486,0.017486222975837
1996-12-31,0.015700453486947,0.014683955230923,0.016615608287035,0.015013246982632,0.017488969113518,0.013551180168426,0.0037981551817688,0.015385696220317,0.023038428854688,0.060363959165557,0.0076256499133448,0.024922118380062,-0.0068624759813341,-0.32093933463796,-0.22241681260946,0.051419264774314,0.037988826815642,0.087516087516088,0.019305812281783,0.022224950884086,0.0056497175141242,0.012862379206931,-0.0010400416016641,-0.0055851063829788,0.0069686411149826,0.021654395842356
1996-09-30,0.012094523351734,0.010335424572377,0.0052194790959862,0.0045837646015082,0.0056474384832594,0.013250007511342,0.039334555195263,0.025504322766571,0.031657899863628,0.025022747952684,0.036092655773029,0.0272,0.0080243497509686,0.67540983606557,0.2187833511206,0.00069848661233996,0.0085318737926593,-0.020176544766709,0.022040302267003,0.020040080160321,0.031735751295337,0.0053601340033501,-0.0096137339055794,-0.012864268836965,-0.0034722222222222,0.014945054945055
1996-06-30,0.021335090142023,0.017521052427335,0.023997862105826,0.025007578053956,0.023365257595773,0.01386011941026,0.046782762691853,0.029444485648595,0.022917497010761,0.025664955669622,0.01996336996337,0.0275380189067,0.048447925732521,3.4202898550725,0.05518018018018,0.013091166411133,0.006643979906012,0.030762564991334,0.017188000427031,0.017718291905672,0.014454664914586,0.013307081268246,0.0091822591822591,0.01492139621636,-0.0014858841010402,0.015851752623353
1996-03-31,0.012000769280082,0.014947123811024,0.014697109387711,0.011652867218644,0.016363178652345,0.015089672232529,0.014675052410902,0.023610689341026,0.02147582697201,0.019505233111323,0.016759776536313,0.033999150021249,0.030185295875672,-0.625,0.27220630372493,0.010126280676674,0.012801575578533,0.002606429192007,0.030246370435548,0.031693845344556,0.022849462365591,0.011815621350553,0.017451084082496,0.015696887686062,0.021244309559939,0.0082160945413618
1995-12-31,0.012067735028872,0.011433124190818,0.0096922571459862,0.015097276264592,0.0067584692067247,0.012460083902073,0.024861878453039,0.019583559099001,0.017607457276023,-0.00047551117451271,0.023246951219512,0.021267361111111,0.025122549019608,0.6283185840708,-0.061827956989247,0.0096223237911956,0.0057774843182569,0.020390070921986,0.0037535879885185,0.00092141634855855,0.018480492813142,-0.0010979208124613,-0.016640665626625,-0.01859229747676,-0.013473053892216,0.0092003634711495
1995-09-30,0.013359807492538,0.01321897073663,0.012362104329508,0.024884351571224,0.0056924384027188,0.013677763320745,-0.00046019328117803,0.017164002834423,0.0093037842358352,0.013982642237223,-0.0011419870574801,0.029490616621984,0.041148325358852,-0.66568047337278,-0.32054794520548,0.040680936287395,0.03875171467764,0.045897079276773,-0.0027523945832875,-0.0060185790919795,0.013879250520472,0.0011679032701292,-0.0048300845264793,-0.01077246452969,0.00652938221999,0.0051375727822811
1995-06-30,0.0078989569665884,0.014682694079823,0.0088361948436889,0.0090133590857879,0.0086554117747878,0.018060222279659,-0.017705115648309,0.0031593081115236,0.013025521550355,0.030815109343936,0.00019036740909961,0.027548209366391,-0.025792417650715,-0.44771241830065,0.03988603988604,0.022134083930399,0.020293911826452,0.027142857142857,0.024128988612019,0.025217974513749,0.019094766619519,0.010833333333333,0.0036357340720222,0.0079449152542373,-0.0040020010005003,0.015653988868275
1995-03-31,0.0091751708641513,0.0074475986136327,-0.0037330064631157,-0.01661918328585,0.0033533963886501,0.014021753374394,0.015376376988984,0.027678571428571,0.041583939995588,0.040330920372285,0.046622833233712,0.030274361400189,-0.011063306699447,-0.18508655126498,0.033366045142296,0.030319008700237,0.038706160276213,0.0081613058089294,0.030560074366721,0.032119617887305,0.02315484804631,0.011093947479287,0.0073247296825951,0.0037214247740564,0.014205986808727,0.013634226610249
1994-12-31,0.016919875413136,0.015524501896042,0.020410483825118,0.036927621861152,0.011656228253306,0.012673346161502,0.04442313838287,0.02803738317757,0.03979814198876,0.028176501860712,0.053305351521511,0.019286403085824,-0.0030637254901961,0.41165413533835,0.051599587203302,0.029447686253223,0.030910453353316,0.025603151157066,0.032142000479731,0.038234871352594,0.00072411296162197,-0.00014040999719183,-0.018150684931507,-0.041528662420382,0.029780564263323,0.012254610350982
1994-09-30,0.011348317697873,0.014926959960875,0.018589298123697,0.017705027559713,0.019058594096268,0.012801989180471,-0.010671093194214,0.012418687167357,0.018931868645553,0.0053447354355959,0.023850451224753,0.020669291338583,-0.0045745654162855,-0.34643734643735,0.06953642384106,0.042291371994342,0.056402137344152,0.0069410014873575,0.045386158475426,0.050906344410876,0.019188191881919,0.02298190175237,0.026362038664323,0.035073839662447,0.0084299262381454,0.020767549186301
1994-06-30,0.018707173184984,0.013359477687518,0.012370287858357,0.016813858695652,0.010118194842407,0.013934314527119,0.052408285500374,0.023342266793464,0.017358221376769,0.048179271708683,0.0077955825032481,0.01195219123506,0.038973384030418,0.79295154185022,0.12406947890819,0.037874339401057,0.043792604833712,0.023338406900051,0.04699396166973,0.055484693877551,0.0066864784546806,0.013465317708712,0.0081502480510277,0.015804982587731,-0.0068027210884353,0.017171093267449
1994-03-31,0.01471675577295,0.015069991251094,0.015841820022631,0.026141512722203,0.010404415090926,0.014586933978569,0.042584562012142,0.017863428370292,0.013984327908379,-0.024056861673045,0.032185963343764,0.0085384229030639,0.028347996089932,1.7349397590361,0.098092643051771,0.014294222751638,0.0062357098316358,0.034645669291339,0.02255033557047,0.023331701745799,0.01892505677517,-0.0053572721349452,-0.030240549828179,-0.048189699133095,0.0068493150684931,0.012761166020268
1993-12-31,0.018626343385186,0.014647137150466,0.018130002425418,0.030901904419691,0.011716247139588,0.012636074066296,0.052103294096177,0.043238777196365,0.038952905811623,0.039204545454545,0.052705882352941,0.0081012658227848,0.055001718803713,1.5151515151515,0.073099415204678,0.031802120141343,0.039991353220925,0.011683483802443,0.035729181148339,0.035129201148455,0.03933910306845,0.0078067999416314,0.0053549835895665,0.0056410256410256,0.0047644256220223,0.0095995958064922
1993-09-30,0.010923040880871,0.01543661971831,0.0091788030840778,0.016064257028113,0.0057074472981681,0.019120322477081,0.0012791228871632,0.017656950672646,0.0075719333669864,0.010913268236646,0.0083036773428232,0.0040671072699543,0.046402877697842,-0.72614107883817,0.082278481012658,-0.0033685499923443,-0.0092096808738487,0.011278195488722,0.0041881893061566,0.0033892560582952,0.0079302141157811,0.0071276361231537,0.0057331480194579,0.004119464469619,0.0090811965811967,0.0081497516872534
1993-06-30,0.012062475919505,0.015794895272977,0.016925948973242,0.037696533434363,0.0066722268557131,0.01513670106826,0.0097794999538702,0.021374045801527,0.020345093999485,-0.0085421412300683,0.036645351696999,0.011831275720165,0.024318349299926,-0.32869080779944,0.13464991023339,0.014760720944686,0.014118158123371,0.016375545851528,0.024310024310024,0.024657058517104,0.021880064829822,0.0069552349241584,-0.0024263431542461,-0.0030800821355237,-0.001067235859125,0.013944480309877
1993-03-31,0.007554945054945,0.0097776339512737,0.0056949746542336,0.0091760657618045,0.0040007443245255,0.01216874977092,0.024480151228734,0.010899971062024,0.010803071716777,-0.0062252405206564,0.017517517517518,0.011972930765227,0.011554230339172,0.68544600938967,0.18259023354565,0.0034299968818211,-0.0038944180008655,0.022321428571429,0.015686274509804,0.020194862710363,-0.0048387096774193,-0.0066152149944873,-0.026981450252951,-0.037311588831233,-0.0047796070100903,0.0091205211726384
1992-12-31,0.016867835724588,0.019032364441513,0.015765049901469,0.021480179652412,0.012911129959476,0.020955731018224,0.033001366920523,0.032878350104613,0.026315789473684,0.021387283236994,0.030959752321981,0.022352315061203,0.051744413955312,0.039024390243902,0.22337662337662,0.0031279324366594,0.0034737299174988,0.0022371364653243,0.015636524561145,0.019137028344467,0.0,0.0037627268702965,0.00050615825881551,-0.015567988324009,0.037465564738292,0.0061615102254851
1992-09-30,0.014509495864332,0.017252120573154,0.016083193385867,0.022155688622755,0.013273491214668,0.017941490172177,0.010956470239858,0.013940802101222,0.016153115243654,0.014067995310668,0.021343873517787,0.0075067024128687,0.0075039494470774,-0.11637931034483,0.17378048780488,0.021079527307569,0.026292335115865,0.007891770011274,0.028679817905918,0.029745305818925,0.023947151114781,0.012474788974378,0.018035039505325,0.020605759682224,0.012269938650307,0.0083278255122273
1992-06-30,0.017474297893681,0.013526968938971,0.0093884469943931,0.0096735187424426,0.0091548617134046,0.016022911990092,0.058841973244147,0.03491897543126,0.031503780453654,0.0041200706297822,0.053873923910025,0.012486427795874,0.044554455445544,115.0,0.6,0.001439309131617,-0.0020013342228152,0.010250569476082,0.020439764633013,0.027507163323782,-0.01062091503268,0.0088929082824628,0.0062219149671622,0.006496751624188,0.0050448430493274,0.010958171856207
1992-03-31,0.01616422212667,0.025042941425406,0.023761847550394,0.039162303664921,0.016655236602332,0.025765214974791,-0.022476501838987,0.0093921485859012,-0.0047380156075808,-0.01335656213705,-0.0035971223021581,0.00054318305268873,0.053455019556715,-0.9935691318328,-0.11255411255411,0.016417425227568,0.019265639165911,0.0086157380815623,0.011749960833464,0.017492711370262,-0.011308562197092,0.015614236509759,0.0085410493289175,-0.0022438294689604,0.033603707995365,0.021012416427889
1991-12-31,0.0097935160169819,0.00689292159615,-0.0069596341220919,-0.014040883749742,-0.0036118703631394,0.01531702204845,0.033034300791557,0.0010564124234101,-0.0034717400361061,-0.029859154929578,-0.0033094318808606,0.022209883398112,0.015894039735099,37.875,0.09478672985782,0.024309024309024,0.02224281742354,0.030177514792899,0.026700981180634,0.028177458033573,0.021452145214521,0.0031480343980343,-0.012394560165261,-0.026219956300073,0.021301775147929,0.015800415800416
1991-09-30,0.012175271827593,0.011638816339985,0.0078156312625251,0.019149831649832,0.0025445292620866,0.013978011198758,0.022555579538096,0.0021172983273343,-0.0092184920198128,-0.065297525013165,0.012283640424344,0.0078343592613319,0.039944903581267,-1.0444444444444,-0.09051724137931,0.016759776536313,0.01053617419808,0.033007334963325,0.012705652386382,0.019144602851324,-0.013832384052075,0.0044732376985965,-0.0078565328778822,-0.013413173652695,0.005952380952381,0.014625228519196
1991-06-30,0.014649292308709,0.013752506297877,0.0075380266523086,0.0074199703201187,0.0075929395523123,0.017592746631176,0.0021630975556998,0.0047867248165089,-0.004110715264456,-0.025654181631606,-0.0085801273180183,0.029377880184332,0.035663338088445,0.16129032258065,-0.50743099787686,0.03053035589672,0.015212740670311,0.072786885245902,-0.010317588263743,-0.012072434607646,-0.0040518638573744,0.0073026724673709,0.0044604563389947,0.00047927150730886,0.014492753623188,0.0096549765724834
1991-03-31,0.0052462935600085,0.0014931520955617,-0.0092685203707409,-0.019130796423373,-0.0046132705143305,0.0082609971904224,-0.024271844660194,-0.019605798310564,-0.010574837310195,-0.012664640324215,-0.028240989779451,0.030878859857482,-0.049706281066426,0.3716814159292,-0.40455120101138,0.0087997184090109,0.026347889729202,-0.036639292482628,-0.041711725629538,-0.043863024240092,-0.032156862745098,0.013224181360201,0.022631578947368,0.017556693489393,0.036295369211514,0.0054246966452533
1990-12-31,-0.0010282776349614,0.0054356266501009,0.002004409701343,-0.025729335494327,0.015651480410727,0.0076055266827228,-0.053062856000799,-0.020331017572538,-0.0090017466075506,-0.039416058394161,-0.0048179871520343,0.019987886129618,-0.056289978678038,-1.5159817351598,0.054666666666667,0.023599351468204,0.0088604479448682,0.063844086021505,0.027297254404063,0.026664033181908,0.029886914378029,0.024185746533376,0.021505376344086,0.029109159347553,0.0025094102885822,0.026524032825322
1990-09-30,0.0091720086364169,0.016630703647177,0.011762320016224,-0.0096308186195826,0.022632276480783,0.019733723986384,-0.013894363421364,-0.00234430741005,0.013756469626805,0.0043988269794722,0.021602406343998,0.0073215375228797,-0.050222762251924,-0.35014836795252,0.090116279069767,0.016852903462173,0.014228657014478,0.024088093599449,0.024886141834743,0.021177894312223,0.040336134453781,0.0096044278040047,-0.0026809651474531,-0.0099378881987578,0.015286624203822,0.019877447317292
1990-06-30,0.014242547701501,0.012172060194433,-0.0069146079484425,-0.032984090027163,0.0068774378977622,0.024725153428407,0.0039572615749901,-0.015849132310161,-0.0090430557430152,0.0024497795198432,-0.028427205100956,0.022457891453525,-0.035546875,1.4071428571429,-0.2225988700565,0.014306949089558,0.01110550227158,0.023239436619718,-0.01914486279515,-0.028605015673981,0.02233676975945,0.012026359143328,0.012486427795874,0.0067533766883441,0.027486910994764,0.011641971575446
1990-03-31,0.022105007460874,0.022996648592681,0.032150776053215,0.047773937792234,0.024072322085567,0.017064080111366,0.014961341500151,0.017868082499489,0.018419243986254,0.030287733467945,0.010198604401503,0.021669853409815,0.016276300119095,-0.1566265060241,0.068840579710145,0.044237485448196,0.04290602790208,0.047970479704797,0.047810096957539,0.043762781186094,0.066911090742438,0.028639213692594,0.027710619304445,0.022244950140629,0.043003412969283,0.029416342412451
1989-12-31,0.0090692625534,0.012273830538394,0.00090158818225949,-0.027096518987342,0.016020506247997,0.019829639128046,-0.00060210737581538,-0.0073983987027466,-0.0050601750547047,0.0020232675771371,-0.022047244094488,0.029527559055118,-0.014090019569472,0.69387755102041,0.10252996005326,0.011778563015312,0.0023746701846965,0.039907904834996,0.023613963039014,0.024298282362799,0.019626168224299,0.013395157135497,-0.0014856081708449,-0.0093718338399189,0.019485038274182,0.026193898738221
1989-09-30,0.014782176106887,0.015716486902928,0.014636549152065,0.024934117170079,0.0092702382235636,0.016384285980264,-0.0044955044955045,0.022805017103763,0.031457187191423,0.042721518987342,0.02529601722282,0.031821259309411,-0.0011727912431588,-0.73002754820937,-0.14852607709751,0.0043375394321766,-0.0015806111696523,0.021159874608151,-0.018474974806853,-0.027104136947218,0.021967526265521,0.016141697932118,0.012598721323806,0.013607188703466,0.0091292134831459,0.019208855608009
1989-06-30,0.018272605565003,0.018082770029377,0.023110151187905,0.014185855263158,0.02792243767313,0.014784374852393,-0.0043763676148796,0.007835353113247,0.018095648427402,0.0005277044854881,0.022564667033572,0.029268292682927,-0.019547719432733,-0.24532224532225,-0.12673267326733,0.045342126957955,0.052981969486824,0.023255813953488,0.015694302285909,0.01804979253112,0.0047984644913628,0.026143790849673,0.027632850241546,0.027162447257384,0.029645697758496,0.02502920073419
1989-03-31,0.021190902876568,0.015878074928288,0.012021857923497,0.0004113533525298,0.018278235360487,0.018424090821628,0.044245949314499,0.014412886816448,0.021117465904091,0.024878312601406,0.01593514117976,0.030150753768844,-0.0030569354222392,1.5183246073298,-0.062209842154132,0.039862837548221,0.030588907947398,0.06763698630137,0.02072087759011,0.025095703955764,0.0009606147934679,0.0094902386117137,-0.0048076923076923,-0.017871017871018,0.032860343539955,0.02199863574352
1988-12-31,0.021360505708086,0.021608501317231,0.023337309871757,0.03358843537415,0.017799724391364,0.020420184567053,0.02208067940552,0.021433210651656,0.023412877082395,0.0076294277929156,0.024634775136064,0.041884816753927,0.01631067961165,0.04945054945055,0.084592145015106,0.028659611992945,0.032772364924712,0.016536118363795,0.038892908827786,0.042340944358235,0.023598820058997,0.025964391691395,0.028074337682879,0.022510593220339,0.044461778471139,0.024100593782745
1988-09-30,0.017627743533614,0.020942883046238,0.010853180584866,-0.0059171597633136,0.020269478617457,0.027746947835738,0.0080256821829856,0.0097278391080992,0.010464058234759,-0.003800217155266,0.012470997679814,0.025306748466258,0.0078277886497065,-0.071428571428572,-0.068480300187617,0.032081911262799,0.031050228310502,0.035135135135135,0.012268815235305,0.012115772941441,0.012948207171315,0.0070974971983565,0.00079145231499809,-0.0023778071334213,0.0094488188976377,0.012734347364698
1988-06-30,0.02300318233607,0.018467220683287,0.013753056234719,0.005952380952381,0.018010496183206,0.02164725286053,0.028505392912173,0.026132794975325,0.027903351519875,0.031354983202688,0.027413587604291,0.024351924587588,0.021591363454618,0.15294117647059,-0.14032258064516,0.049677573441605,0.055591259640103,0.032558139534884,0.0062649714391007,0.0095130237825594,-0.0079051383399209,0.013055818353832,0.0027777777777777,0.0058463991496146,-0.0054815974941269,0.022423146473779
1988-03-31,0.0135186254405,0.025697689102159,0.025142946659356,0.045565681262503,0.014029995162071,0.026072240731927,-0.040042260961437,0.0092823183155989,0.017446471054718,-0.022441160372195,0.036442248301421,0.026612903225806,-0.010680379746836,-0.73058637083994,-0.14718019257221,0.067839836776332,0.079431148109608,0.035645472061657,0.0096744186046512,0.008681745487777,0.014028056112225,0.0028462998102467,-0.011377010592389,0.001597018898057,-0.04772557792692,0.01617052554208
1987-12-31,0.024936230996837,0.010882399872347,-0.0035123321885732,-0.023018458197611,0.0074326794200072,0.020838956972413,0.079863091842556,0.0090234151913192,0.0079936051159073,0.028716216216216,-0.010088657902782,0.026490066225166,0.0112,62.1,-0.00068728522336766,0.054315676257058,0.059536934950386,0.040080160320641,0.039048907790451,0.035241248817408,0.056084656084656,0.017374517374517,0.015133412982875,-0.0010635469290083,0.063441712926249,0.019673974142777
1987-09-30,0.016384942445297,0.021083159541189,0.02381332907144,0.048736051013437,0.010341007017112,0.019203257400682,0.0021724216784816,0.020277356951404,0.02810650887574,0.047169811320755,0.021549031855091,0.018549747048904,0.0012014417300761,-0.93939393939394,-0.010204081632653,0.046426561620709,0.051391035548686,0.033126293995859,0.029862631893291,0.033488144707895,0.012861736334405,0.010731707317073,0.0060096153846154,0.018413214189006,-0.029253271747498,0.014831717056475
1987-06-30,0.018010219163042,0.023513324217056,0.029196479973682,0.049223416965353,0.018685728618009,0.01963644524237,0.0039026629935721,0.017670777988615,0.019778746228629,0.016177351707609,0.024312220089571,0.013675213675214,0.012160518848804,-0.41071428571429,0.041076487252125,0.056166419019316,0.065020576131687,0.033155080213904,0.051496755285744,0.050320924261874,0.059023836549376,0.016865079365079,0.019607843137255,0.029551156955673,-0.0076394194041253,0.014467592592593
1987-03-31,0.014305906540455,0.010856006203432,-0.0034423407917382,-0.051235547494899,0.023620025673941,0.020847651775487,0.034556465977912,-0.013570425830604,-0.022928267278087,-0.023405500292569,-0.034887310898425,0.010362694300518,0.0098239869013507,-3.1875,0.05688622754491,0.0044776119402985,-0.0024630541871921,0.022975929978118,0.019419547588562,0.018300653594771,0.022041763341067,0.013268998793727,0.0065789473684211,0.019323671497585,-0.026765799256506,0.019669551534225
1986-12-31,0.010780154125898,0.012424480322217,0.0027944439878358,-0.010320843616783,0.010376134889754,0.019264448336252,0.0075376884422111,0.014238253440911,0.014285714285714,0.011242603550296,0.016635279347144,0.013123359580052,0.014113740141137,0.82857142857143,-0.038848920863309,0.045241809672387,0.060052219321149,0.0077177508269019,0.020026121027427,0.020544290288154,0.017709563164109,0.0018126888217522,-0.013187259078921,-0.027900552486188,0.0282874617737,0.016393442622951
1986-09-30,0.014137688795223,0.023297240656654,0.035753809483272,0.094279400932973,0.0045602605863192,0.014630101285317,-0.022684752104771,0.0038113387327298,-0.0049586776859504,-0.031518624641834,0.0034645669291339,0.011504424778761,0.026854219948849,-1.4458598726115,0.078355314197052,0.017137416693113,0.0083369899078543,0.038946162657503,0.034684684684685,0.026568063544234,0.073510773130545,0.028163180782771,0.038777660695469,0.040828062104658,0.032359905288082,0.018115204559332
1986-06-30,0.0086132453557115,0.0099834197622324,0.0032453668118541,0.040091930541369,-0.015141793917618,0.014664342809063,-0.0096120440069484,0.0078021846116913,-0.013854930725346,-0.089723526343245,0.021557271557272,0.017101710171017,0.06879271070615,-0.48355263157895,0.023015873015873,0.0054243777919593,0.015144766146993,-0.017997750281215,0.010468821119709,0.020687727145653,-0.034271725826193,0.022876509214149,0.032194909723733,0.037899134586691,0.01685393258427,0.014244426094137
1986-03-31,0.014192360378163,0.015693862194991,0.011926367643246,0.020323084940073,0.0077589551273762,0.018423307626393,0.0046538685282141,0.008107454017425,-0.0074421614625465,-0.020939734422881,-0.0082961072112315,0.02020202020202,0.053262955854127,-0.081570996978852,-0.055472263868066,0.026195153896529,-0.010577346848832,0.13248407643312,0.0011392116655275,-0.014057331863286,0.075,0.0086529216964,-0.0058391003460207,-0.010628875110717,0.0072756669361357,0.022588135951024
1985-12-31,0.013311791744414,0.0094766159076935,0.00017287578874563,-0.03203026481715,0.016831032215648,0.016171165567857,0.045366090975432,0.02543739918104,0.022667107875579,0.018730489073881,0.023848415550474,0.026390197926485,0.034756703078451,1.0306748466258,0.14114627887083,0.027245206861756,0.021152115211521,0.045272969374168,0.059633027522936,0.065491923641703,0.032608695652174,0.012437810945274,0.0080662742533246,0.01467944877172,-0.0096076861489192,0.016741790083709
1985-09-30,0.021453641075704,0.027311236623068,0.027442273534636,0.062148406107688,0.010228480340064,0.027216969077434,-0.0058041112454655,0.00062080953563447,-0.0077163027417502,-0.015368852459016,-0.010985460420032,0.01725790987536,0.025980641874682,-0.24537037037037,0.021853146853147,-0.022361065439,-0.028421512898994,-0.003978779840849,-0.010511227902532,-0.011324041811847,-0.0067476383265857,0.029048414023372,0.033573681838666,0.041497659906396,0.012155591572123,0.024631625247416
1985-06-30,0.015411848005664,0.017890237906123,0.014048991354467,0.014402173913044,0.014008620689655,0.020671666123248,0.021113717742931,0.014868951612903,0.016182849516183,0.0015392508978963,0.022802379378718,0.023552502453386,0.01081359423275,0.33333333333333,0.25301204819277,-0.0062091503267973,-0.014648858250754,0.020297699594046,0.053611880191291,0.058389674247081,0.030598052851182,0.027444253859348,0.026839426191578,0.030878095850756,0.017312448474856,0.028035270178612
1985-03-31,0.021554634005208,0.029195375452528,0.021903184244432,0.040135669869983,0.013100436681223,0.034540916143831,-0.026211374293616,0.012503189589181,0.014384836689795,0.050673854447439,-0.0098167539267016,0.021042084168337,0.006739243131156,-0.6625,-0.1530612244898,-0.0084251458198316,-0.018189509306261,0.023545706371191,-0.045869356388088,-0.056811594202899,0.0084151472650773,0.023166023166023,0.021749408983452,0.016677567037279,0.034982935153584,0.024554088487376
1984-12-31,0.014728189068846,0.019526134063579,0.018751171948247,0.034200526161941,0.0113165884626,0.020094969375817,-0.0085826677792346,0.021237785016287,0.024800554977454,0.016438356164384,0.027917928018836,0.03099173553719,0.01047668936616,-0.32678821879383,0.038535645472062,0.0094864245992805,0.0085324232081911,0.012622720897616,0.0166015625,0.015004413062666,0.022955523672884,0.026420079260238,0.032967032967033,0.040136054421769,0.015597920277296,0.020085066162571
1984-09-30,0.018032378580324,0.01551668547477,0.0028206092515983,0.0023439789041899,0.003045404208195,0.025042325056433,0.024423006472097,0.023879402347919,0.032778076303063,0.03811149032992,0.028719723183391,0.035294117647059,-0.0020909566126503,0.028860028860029,-0.0047938638542665,0.011581733951026,0.019130434782609,-0.012465373961219,0.0076260762607627,0.0059189109203906,0.016034985422741,0.0164794921875,0.0063897763578275,0.0047846889952152,0.0096237970253719,0.026686074721009
1984-06-30,0.026119402985075,0.02410434208354,0.024761537720397,0.029873264936633,0.022505307855626,0.023611813127301,0.035402705778227,0.044156567767099,0.050423330197554,0.060953530476765,0.048621190130624,0.037735849056604,0.026287553648069,-0.050684931506849,0.097894736842105,0.031399317406143,0.025412394115024,0.052478134110787,0.047680412371134,0.047751937984496,0.047328244274809,0.031478217073785,0.040398874968039,0.022361984626136,0.089609151572927,0.022828784119107
1984-03-31,0.030742077395221,0.019396642403333,0.021756251230557,0.037895396179142,0.014357501794688,0.017635388345948,0.10076548364649,0.033544486035128,0.032640373032835,0.058109833971903,0.015475313190862,0.03921568627451,0.036131183991106,2.0543933054393,0.33053221288515,0.022330774598744,0.0053787539220081,0.080314960629921,0.083798882681564,0.076435246995995,0.12157534246575,0.028356856143986,0.028939752696659,0.025071633237822,0.039643211100099,0.027536970933197
1983-12-31,0.02811255856783,0.022544421976509,0.025232135647961,0.055886243386244,0.011766414875073,0.020547431571054,0.1014870458378,0.058035034272658,0.060362587556654,0.026212319790301,0.086469175340272,0.04583835946924,0.051431911163063,-6.6904761904762,0.095092024539877,0.03019410496046,0.041063929071395,-0.0062597809076682,0.042516016307513,0.047918852745715,0.015652173913043,-0.01101293379434,-0.029614500893541,0.027603974972396,-0.15916666666667,0.0077081192189106
1983-09-30,0.03027512696021,0.030960301618984,0.029295657594016,0.044198895027624,0.022882615156018,0.03220063472405,0.062724014336918,0.056485355648536,0.04073756432247,0.020735785953177,0.051346801346801,0.044080604534005,0.10387096774194,-0.45454545454545,0.43612334801762,0.020917431192661,0.024868483978958,0.0078864353312303,0.079874213836478,0.087899543378995,0.041666666666667,0.026149802890933,0.034054910242872,0.017222014226881,0.074306177260519,0.018315018315018
1983-06-30,0.029738815619343,0.029170090386196,0.039637109839076,0.076980290070658,0.024353120243531,0.021507076777101,0.085411140583554,0.034632034632035,0.0093053451633844,-0.057377049180328,0.046235138705416,0.039267015706806,0.11913357400722,-0.78062678062678,0.8530612244898,0.0066494274104175,-0.0028612303290415,0.039344262295082,0.076870978665764,0.083711340206186,0.047438330170778,0.016292735042735,0.023507160226966,0.030080987273429,0.0081227436823105,0.0092421441774492
1983-03-31,0.021274722694994,0.018457389929797,0.005211160568885,0.017019667170953,0.00045682960255818,0.02837859814604,0.029679533867443,0.019521303683585,-0.019936373276776,-0.057635175282234,-0.0078636959370905,0.026881720430108,0.17872340425532,-0.11809045226131,-0.1722972972973,0.020354315868828,0.02043795620438,0.020066889632107,0.0013563919972873,0.0041407867494824,-0.01310861423221,0.015735214324471,0.019840176357123,0.013286440015631,0.036482694106642,0.011485042735043
1982-12-31,0.012087553087226,0.029532835535133,0.02140164116212,0.048790162633875,0.010774203478529,0.035708270170119,-0.073861720067454,0.0032356948228882,-0.015040735324838,-0.026604973973395,-0.014636246233319,0.012244897959184,0.083948339483395,-7.8620689655172,-0.0,-0.051144492131617,-0.059496567505721,-0.021276595744681,-0.046556741028128,-0.06104199066874,0.024952015355086,0.031770468859342,0.044016110471807,0.041090317331164,0.050098231827112,0.020441537203598
1982-09-30,0.010746555398793,0.023565724364313,0.015654916094155,0.011637239165329,0.017222483168937,0.029745902350187,-0.0010107816711591,-0.017731682837069,-0.023260559069578,-0.052602739726027,-0.013169073916737,0.018005540166205,0.0064995357474466,-2.3809523809524,5.7272727272727,-0.051238547675602,-0.065840102607952,0.0032840722495895,0.034102306920762,0.046379170056957,-0.022514071294559,0.01925820256776,0.023858615611193,0.027162557459256,0.016983016983017,0.0149377593361
1982-06-30,0.017563687458,0.013254567116759,0.0018052578133815,0.011363636363636,-0.0018752930145334,0.022161155925893,0.0090090090090091,-0.019678583142014,-0.01999600079984,-0.021972132904609,-0.030477759472817,0.022662889518414,-0.018231540565178,-0.8046511627907,-0.73006134969325,0.0051159618008186,0.0068876452862677,0.0,-0.033602584814216,-0.045807453416149,0.026974951830443,0.019784695955775,0.021052631578947,0.039982616253803,-0.0224609375,0.018596787827557
1982-03-31,-0.0029541647632099,0.019381610242397,0.015816618911175,0.040540540540541,0.0066068900424728,0.022200072490033,-0.085638793907367,-0.014225670869706,-0.0073441842000794,-0.010079575596817,-0.01501014198783,0.027656477438137,-0.044425087108014,-1.866935483871,0.10135135135135,-0.03774204135215,-0.044426162073221,-0.011363636363636,-0.030995616781465,-0.041666666666667,0.025691699604743,0.01266941661756,0.012176560121766,0.019946808510638,-0.0048590864917396,0.013131601484442
1981-12-31,0.0068379737519932,0.007597389353457,-0.0097605266144592,-0.059944422389837,0.010491177873152,0.021662655063877,-0.013644028821095,0.016932434653954,0.045011408421489,0.11078373600471,-0.00040551500405513,0.044072948328268,-0.090332805071315,-0.43636363636364,0.94736842105263,0.0079391333112801,0.0057923045097228,0.016501650165017,0.030655050016134,0.031861804222649,0.024291497975709,0.036019536019536,0.0512,0.063649222065064,0.024900398406375,0.022176831047564
1981-09-30,0.0296467022385,0.020448514490868,0.020027784209308,0.045662100456621,0.010115606936416,0.02088649466024,0.069694981961299,0.017054004347099,0.041477640959171,0.054037267080745,0.034830046160302,0.036220472440945,-0.067257945306726,2.7606837606838,-0.43703703703704,-0.020097244732577,-0.028146361077604,0.015075376884422,-0.037577639751553,-0.041574687270052,-0.01593625498008,0.0095531587057011,0.010019392372334,0.019221528111485,-0.0088845014807502,0.0091283863368668
1981-06-30,0.011335334312536,0.016501824721003,0.004301825369143,-0.020731707317073,0.014332247557003,0.026683485348341,-0.015498869874072,0.030141233207027,0.044920993227991,0.073333333333333,0.027155172413793,0.039279869067103,-0.01671511627907,-0.69845360824742,-0.055944055944056,0.0098199672667758,0.0060679611650485,0.025773195876289,0.0071942446043166,0.0059215396002962,0.014141414141414,0.020440251572327,0.043507588532884,0.046254399195576,0.037909836065574,0.00058927519151457
1981-03-31,0.046200100217137,0.030129672006102,0.039395770392749,0.041490262489416,0.038389988161678,0.022522075602738,0.12311876699909,0.035676061362826,0.047776726584674,0.040943789035392,0.046931407942238,0.070052539404553,-0.0014513788098695,-5.2637362637363,1.134328358209,0.044444444444444,0.032150313152401,0.09811320754717,0.068516042780749,0.072222222222222,0.048728813559322,0.036843821323769,0.033821478382148,0.032710280373832,0.036093418259023,0.039191671769749
1980-12-31,0.046678321678322,0.038298353793064,0.031924180072328,0.047914818101153,0.025672159583695,0.043590805549803,0.11391638052919,0.059935715636226,0.042149371456741,0.061119293078056,0.029739776951673,0.043875685557587,0.11850649350649,-0.73156342182891,-2.2181818181818,0.027397260273973,0.03010752688172,0.015325670498084,0.07163323782235,0.076463049978642,0.046563192904656,0.036498817167962,0.054411764705882,0.068219633943428,0.028384279475983,0.021263289555973
1980-09-30,0.021465052323297,0.034408098776991,0.030984829004886,0.063709296838131,0.018731224597986,0.037267747825153,-0.046601193914885,0.034017595307918,0.027869267798328,0.026455026455026,0.029172644667623,0.026266416510319,0.053892215568862,-5.3461538461538,-1.3618421052632,0.026315789473684,0.021080368906456,0.050301810865191,-0.045796308954204,-0.0579476861167,0.022675736961451,0.0083489521213153,0.003690036900369,0.015202702702703,-0.019271948608137,0.012345679012346
1980-06-30,0.0012158054711247,0.001406387342514,-0.017929292929293,-0.087031451960362,0.010716199321307,0.018151995626025,-0.063649477100613,-0.060950982192032,-0.024227441285538,-0.0022624434389139,-0.047814207650273,0.019120458891013,-0.16619115549215,-0.21212121212121,-0.57541899441341,0.033147113594041,0.025675675675676,0.068817204301075,-0.038448899112718,-0.043126684636119,-0.013422818791946,0.027485994397759,0.04351174432037,0.024812463935372,0.081018518518519,0.01379974326059
1980-03-31,0.024096385542169,0.02832178366978,0.030713170223842,0.01353711790393,0.038005190952911,0.026374859708193,0.01222850885198,0.010012979788615,0.033733708152313,0.033515198752923,0.033411764705882,0.033596837944664,-0.052702702702703,0.15116279069767,0.33582089552239,0.058336618052818,0.067307692307692,0.019736842105263,0.084848484848485,0.090718185636287,0.054245283018868,0.038167938931298,0.046755340588472,0.045866022933012,0.048543689320388,0.031446540880503
1979-12-31,0.022580886758538,0.026918316831683,0.020045134740475,-0.0082286704200953,0.032739804709937,0.032803987481164,0.0042155425219941,0.01087160262418,0.021671018276762,0.053366174055829,0.0018859028760019,0.030549898167006,-0.016611295681063,-0.28925619834711,0.16521739130435,0.082799829278702,0.087297438578149,0.06046511627907,0.090167120093276,0.098247232472325,0.046913580246914,0.034599473486273,0.03894472361809,0.046085858585858,0.024875621890547,0.031058020477816
1979-09-30,0.028699102430756,0.034902337495997,0.043062863472722,0.039621791985592,0.044391121775645,0.027757922325471,0.011681809753384,0.042195741355734,0.051331320340379,0.079787234042553,0.038687561214496,0.040254237288136,0.019647696476965,-0.55839416058394,0.036036036036036,0.060660932548665,0.069312465064282,0.023809523809524,0.058412176059235,0.062224399804018,0.038461538461538,0.028030156582254,0.016602809706258,0.015384615384615,0.019011406844106,0.037535410764873
1979-06-30,0.025398957181229,0.026627218934911,0.020200593304139,-0.0053739364084192,0.031985142385473,0.032345344976018,0.025675161658425,0.019721115537849,0.021306419960751,0.045412418906395,0.0039331366764994,0.039647577092511,0.015829318651067,0.14644351464435,0.21978021978022,0.043457723193198,0.046811000585138,0.029411764705882,0.057876414273281,0.061914672216441,0.037234042553191,0.028633923245178,0.025316455696203,0.032428855062872,0.010243277848912,0.031409788166545
1979-03-31,0.019901700104746,0.023966608320991,0.023420558045395,0.0044984255510571,0.032381763953984,0.024442484565957,0.019387359441644,0.030166222039811,0.04481546572935,0.022748815165877,0.054979253112033,0.050925925925926,-0.0034293552812071,-0.16140350877193,0.10975609756098,0.030671859785784,0.032004830917874,0.022556390977444,0.036068530207394,0.04004329004329,0.013477088948787,0.011057498994773,0.014614703277236,0.018194070080862,0.010349288486417,0.007729112992271
1978-12-31,0.034724248613948,0.027105517909003,0.028703152885187,0.025842178126442,0.030289727831431,0.025584700865745,0.047522339561332,0.04257595207531,0.050138418948016,0.069979716024341,0.039353099730458,0.051094890510949,0.024595924104006,0.14,-0.3109243697479,0.073706220595923,0.078125,0.058355437665782,0.03114830311483,0.030100334448161,0.03921568627451,0.027685950413223,0.032936870997255,0.027700831024931,0.04177897574124,0.023737754333082
1978-09-30,0.026662672258838,0.021832826962482,0.017246596066566,0.0023126734505088,0.024280575539568,0.025984356356887,0.046323841903952,0.047277615953394,0.051083090850307,0.091915836101883,0.032276015581525,0.043147208121827,0.038686131386861,0.02880658436214,0.053097345132743,0.027389903329753,0.0199203187251,0.058988764044944,0.030172413793103,0.024557395773844,0.059347181008902,0.022607225860976,0.017690875232775,0.017618040873855,0.019230769230769,0.02669245647969
1978-06-30,0.057907366324082,0.04234791574606,0.050540368722187,0.090817356205853,0.031779169566226,0.03541523678792,0.082336706531739,0.090398240899096,0.095254957507082,0.12875,0.091737545565006,0.042328042328042,0.079590228526399,-0.047058823529412,-0.41602067183463,0.13122721749696,0.16024653312789,0.022988505747127,0.027053615346778,0.028185554903112,0.024316109422493,0.040677220756376,0.034183919114107,0.032751091703057,0.034090909090909,0.046135167948199
1978-03-31,0.01844422926177,0.022516755779803,0.0078487906455231,-0.012456402590932,0.017705382436261,0.035389425810119,0.029599810561212,0.027875439477649,0.023559260601667,0.019108280254777,0.026184538653367,0.021621621621622,0.038461538461538,0.058091286307054,0.30743243243243,0.043092522179975,0.035913806863528,0.070769230769231,0.084845250800427,0.087484035759898,0.068181818181818,0.014952019638474,0.015647921760391,0.018532246108228,0.010043041606887,0.014367816091954
1977-12-31,0.021814926498304,0.029619291308056,0.03378042722305,0.034536082474227,0.033422786045377,0.025955088947215,0.01980198019802,0.038872945473519,0.047854158754273,0.027486910994764,0.065073041168659,0.022099447513812,0.018333333333333,-0.22006472491909,0.4368932038835,-0.027726432532348,-0.040581929555896,0.025236593059937,0.024603608529251,0.022193211488251,0.037037037037037,0.02049647005238,0.0225,0.0089753178758416,0.051282051282051,0.018820577164366
1977-09-30,0.030191243568586,0.024791418355185,0.018552875695733,0.025369978858351,0.015357939063661,0.030348557692308,0.062612265845522,0.035386277687736,0.037839968466693,0.03804347826087,0.04149377593361,0.019718309859155,0.030042918454936,0.58461538461538,-0.023696682464455,0.0024706609017913,-0.0053313023610055,0.035947712418301,-0.00054644808743166,0.0,-0.0066889632107023,0.013853613484184,0.011633788568538,0.0060195635816402,0.023148148148148,0.016149596260093
1977-06-30,0.033977415307403,0.022671867381765,0.021536871123363,0.028820010875476,0.018158890290038,0.023685019993848,0.081598667776853,0.071490593342981,0.042745581586519,0.055954088952654,0.040287769784173,0.028985507246377,0.1399217221135,0.31756756756757,-0.0,0.041827541827542,0.039588281868567,0.055172413793103,0.037414965986395,0.037940379403794,0.038194444444444,0.024603737875562,0.024883359253499,0.023094688221709,0.028571428571429,0.023933855526545
1977-03-31,0.027909616178291,0.029704627227847,0.02707485400814,0.047863247863248,0.017710472279261,0.032063492063492,0.067239336492891,0.056251910730663,0.056907037358819,0.028023598820059,0.081712062256809,0.017699115044248,0.0546955624355,0.40952380952381,2.1969696969697,-0.0044843049327354,-0.006294256490952,0.0034602076124568,0.08420405654579,0.095768374164811,0.032258064516129,0.025224351200582,0.020634920634921,0.022834645669291,0.016129032258065,0.02910882221227
1976-12-31,0.025337212377678,0.02910531301128,0.026521344232516,0.03356890459364,0.023646873357856,0.031265346210509,0.028327749010052,0.063739837398374,0.034141958670261,0.016491754122938,0.043866774979691,0.033536585365854,0.14134275618375,-0.49519230769231,0.60975609756098,0.02832674571805,0.035859820700896,-0.0068728522336771,0.044287548138639,0.04499612102405,0.037174721189591,0.018276117559891,0.029411764705882,0.02502017756255,0.038525963149079,0.009037505648441
1976-09-30,0.018094673918897,0.025883392226148,0.021335807050093,0.023508137432188,0.020101849370142,0.030185497470489,0.018616196090599,0.025341780593531,0.035348837209302,0.02457757296467,0.040574809805579,0.037974683544304,0.001179245283019,-0.071428571428571,7.2,0.035470668485675,0.030226700251889,0.058181818181818,0.059143439836846,0.062654575432811,0.042635658914729,0.0042162698412698,0.0087912087912088,0.0089576547231271,0.0084459459459459,0.00045207956600372
1976-06-30,0.01775828994245,0.01771104917738,0.015639721123045,0.01592161665646,0.015514425694067,0.019601100412655,0.058108995403808,0.034494653328734,0.026252983293556,0.015600624024961,0.028695652173913,0.039473684210526,0.054726368159204,0.52380952380952,-1.1063829787234,0.020891364902507,0.017948717948718,0.033834586466165,0.059035277177826,0.068722466960352,0.015748031496063,0.00074460163812363,0.0083102493074792,0.010699588477366,0.0050933786078099,-0.0053956834532375
1976-03-31,0.033184212016535,0.031339823829393,0.034301305788345,0.064537157757497,0.021406727828746,0.028470380194518,0.10282404055033,0.05074302283436,0.032528339083292,0.033870967741935,0.028622540250447,0.048275862068965,0.1013698630137,48.0,-0.65942028985507,0.007719298245614,0.0017123287671233,0.031007751937985,0.079254079254079,0.091346153846154,0.02834008097166,0.014095142209917,0.0044518642181414,0.0,0.012027491408935,0.022058823529412
1975-12-31,0.030400280079356,0.027534298780488,0.020485282418457,0.044959128065395,0.010393258426966,0.034198975859547,0.041478129713424,0.034883720930232,0.025783619817998,0.01141924959217,0.030414746543779,0.035714285714286,0.061046511627907,-1.2142857142857,0.15,0.062639821029083,0.063752276867031,0.061728395061728,0.054054054054054,0.052631578947368,0.060085836909871,0.026614987080103,0.027444253859348,0.023588879528222,0.037433155080214,0.025931164545026
1975-09-30,0.034653465346535,0.033274266587911,0.044236760124611,0.073884418434528,0.032482598607889,0.023395096387797,0.090012330456227,0.036547433903577,0.023279875840662,0.014900662251656,0.027462121212121,0.025641025641026,0.075,-0.9,-0.44444444444444,-0.019736842105263,0.011981566820276,-0.1443661971831,0.059895833333333,0.070422535211268,0.01304347826087,0.02980308674827,0.03491124260355,0.043057996485062,0.016304347826087,0.025628626692456
1975-06-30,0.022721659669054,0.029075068382129,0.028846153846154,0.037177541729894,0.02558001189768,0.029281448661144,-0.0040933278755628,0.011403853716083,0.0010357327809426,-0.021069692058347,0.010526315789474,0.014869888475837,0.045751633986928,0.4,0.30909090909091,-0.032531824611032,-0.055700609225413,0.075757575757576,-0.077662129703763,-0.085232903865213,-0.041666666666667,0.011030400860909,0.0083532219570406,-0.0008779631255488,0.027932960893855,0.013228809407153
1975-03-31,0.010355583281347,0.027266104693517,0.021611001964636,0.036978756884343,0.016016923541856,0.0324184566428,-0.1315321720583,-0.025297048677654,-0.022773279352227,-0.02373417721519,-0.030612244897959,0.011278195488722,-0.033175355450237,-1.4901960784314,,0.035139092240117,0.028648164726947,0.060240963855422,-0.085651537335285,-0.10151380231523,-0.012345679012346,0.030210643015521,0.0072115384615384,0.0052956751985879,0.011299435028249,0.049897119341564
1974-12-31,0.02532941025969,0.010303858689938,-0.012715517241379,-0.067498165810712,0.0097650289899298,0.032231574625334,0.038007380073801,-0.016955538809344,0.015938303341902,0.029315960912052,0.0065359477124183,0.023076923076923,-0.10719322990127,2.6428571428571,-1.0,0.078988941548183,0.077145612343298,0.082608695652174,0.022455089820359,0.015370705244123,0.056521739130435,0.035888601780075,0.043260188087774,0.035648994515539,0.059880239520958,0.029661016949153
1974-09-30,0.019032720636162,0.031226282120785,0.034329023629068,0.04364471669219,0.030503144654088,0.028287945957357,-0.023071377072819,0.020769230769231,0.030190677966102,0.00163132137031,0.0458984375,0.035856573705179,-0.0042134831460674,-0.67816091954023,1.5925925925926,-0.00078926598263622,0.0019323671497585,-0.0043290043290044,0.032457496136012,0.039473684210526,0.0,0.032611918173733,0.031027795733678,0.0064397424103036,0.089130434782609,0.034520547945206
1974-06-30,0.026426707700542,0.031886328037592,0.0300803673938,0.03078137332281,0.029459371965037,0.033602443814096,0.033532041728763,0.016419077404222,0.029443838604144,0.038983050847458,0.024,0.028688524590164,-0.016574585635359,0.392,-1.421875,0.085689802913453,0.088328075709779,0.069444444444444,0.17316409791478,0.1981981981982,0.069767441860465,0.034345292854952,0.018433179723502,0.031309297912713,-0.010752688172043,0.047045324153758
1974-03-31,0.010546954228923,0.0207857469164,0.022540502465368,-0.011700468018721,0.037621766879409,0.019123860351345,-0.044499822000712,-0.00039077764751854,0.018323153803443,0.022530329289428,0.013171225937183,0.029535864978903,-0.043593130779392,-0.5,-0.28888888888889,0.08457249070632,0.079455164585698,0.10204081632653,0.11752786220871,0.12690355329949,0.080402010050251,0.039528211667198,0.036860068259386,0.031311154598826,0.049661399548533,0.042464114832536
1973-12-31,0.029440423162583,0.017547937245787,0.012360351794628,-0.019877675840979,0.026905829596413,0.022510231923602,0.062807415815361,0.0051060487038492,0.019818799546999,0.015845070422535,0.018575851393189,0.030434782608696,-0.028241335044929,1.5510204081633,0.40625,0.10245901639344,0.14119170984456,-0.03448275862069,0.083424807903403,0.092926490984743,0.047368421052632,0.026505235602094,0.021617852161785,0.026104417670683,0.011415525114155,0.030826140567201
1973-09-30,0.013544018058691,0.021971496437055,0.019384540828689,-0.0038080731150038,0.030206112295665,0.024219841639497,-0.014541387024608,0.0184,0.030939871570344,0.049907578558225,0.021074815595364,0.031390134529148,-0.010165184243964,-0.46153846153846,1.56,0.0620239390642,0.0633608815427,0.04639175257732,0.017877094972067,0.03,-0.020618556701031,0.0022958346999018,-0.021160409556314,-0.036750483558994,0.016241299303944,0.023989898989899
1973-06-30,0.026725573984211,0.018753781004235,0.013258040756199,-0.003793626707132,0.021415607985481,0.024332061068702,0.054659850570193,0.025430680885972,0.052211302211302,0.05458089668616,0.056792873051225,0.027649769585254,-0.027194066749073,0.71698113207547,-2.7857142857143,0.094047619047619,0.11349693251534,0.037433155080214,0.048009367681499,0.052631578947368,0.026455026455026,0.011948224361102,0.004112405757368,0.0038834951456311,0.0046620046620047,0.019305019305019
1973-03-31,0.036561561561562,0.030677141788253,0.040357598978289,0.06807131280389,0.027601641178665,0.021442495126706,0.060909470171047,0.049956933677864,0.050322580645161,0.046938775510204,0.058962264150943,0.023584905660377,0.046571798188875,0.41333333333333,-0.54838709677419,0.10381077529566,0.12998266897747,0.016304347826087,0.078282828282828,0.084828711256118,0.05586592178771,0.026575809199319,0.029640084685956,0.03,0.03125,0.023715415019763
1972-12-31,0.029525428968929,0.031913524642903,0.036536934074662,0.049319727891157,0.030757400999616,0.027541311967952,0.028314028314028,0.058340929808569,0.054421768707483,0.035940803382664,0.074778200253485,0.019230769230769,0.06767955801105,-0.45255474452555,0.19230769230769,0.064335664335664,0.099047619047619,-0.026455026455026,0.068825910931174,0.069808027923211,0.06547619047619,0.025148445686343,0.023104693140794,0.026694045174538,0.014634146341463,0.027063599458728
1972-09-30,0.018659948035588,0.024387028737147,0.025244299674267,0.030674846625767,0.022807707432167,0.023577652485905,0.027777777777778,0.021415270018622,0.020833333333333,0.015021459227468,0.026007802340702,0.019607843137255,0.022598870056497,0.14166666666667,-0.3953488372093,0.063988095238095,0.056338028169014,0.08,0.03781512605042,0.059149722735675,-0.028901734104046,-0.0093425605536332,-0.042185338865837,-0.060752169720347,0.0024449877750612,0.023545706371191
1972-06-30,0.02942130004863,0.024996622078098,0.029913335197093,0.030713640469738,0.029554655870445,0.020397489539749,0.064788732394366,0.024320457796853,0.024182076813656,0.017467248908297,0.026702269692924,0.025125628140704,0.023121387283237,2.75,0.22857142857143,-0.020408163265306,-0.013888888888889,-0.038461538461538,-0.011080332409972,-0.018148820326679,0.011695906432748,0.016531832571228,0.022630834512023,0.022682445759369,0.0225,0.010496850944717
1972-03-31,0.033679624664879,0.023793055747683,0.019378740381875,0.031686859273066,0.013957307060755,0.027956989247312,0.073588709677419,0.055359838953196,0.043801039346696,0.045662100456621,0.04608938547486,0.031088082901554,0.08125,-11.666666666667,1.0588235294118,0.13764510779436,0.17482517482517,0.045977011494253,0.16639741518578,0.20568927789934,0.055555555555556,0.037591240875912,0.04974016332591,0.04320987654321,0.06951871657754,0.025843503230438
1971-12-31,0.011268321613149,0.022923447007217,0.020354754289038,0.037717601547389,0.013311148086522,0.025358324145535,-0.01830776843147,0.035435122459614,0.026676829268293,0.016241299303944,0.033189033189033,0.026595744680851,0.054365733113674,-1.0294117647059,16.0,-0.077981651376147,-0.12448979591837,0.060975609756098,-0.054961832061069,-0.078629032258064,0.025316455696202,0.0084652189915348,-0.0059040590405905,-0.0020533880903491,-0.018372703412074,0.022760646108664
1971-09-30,0.018026565464896,0.017859714820683,0.012065921130076,0.023762376237624,0.0067001675041876,0.023702031602709,0.02432843385707,0.028954423592493,0.013127413127413,0.018912529550828,0.0087336244541484,0.016216216216216,0.064912280701754,-0.064220183486239,-0.5,0.036450079239303,0.056034482758621,-0.017964071856287,0.034755134281201,0.046413502109705,-0.0062893081761006,0.013805970149254,0.0096870342771983,-0.0040899795501022,0.049586776859504,0.017937219730942
1971-06-30,0.018984004218668,0.020729197294913,0.017669961066188,0.029561671763507,0.012722646310433,0.023390124169795,0.041160949868074,0.052483069977427,0.025336500395883,0.019277108433735,0.031531531531532,0.022099447513812,0.11764705882353,-0.11382113821138,-1.0454545454545,0.0,-0.0021505376344086,0.006024096385542,0.078364565587734,0.092165898617512,0.03921568627451,0.016306408797876,0.0067516879219803,-0.017085427135678,0.07396449704142,0.026073619631902
1971-03-31,0.042418689876317,0.028735632183908,0.037600994406464,0.12371134020619,0.005543710021322,0.020329994107248,0.13609112709832,0.038078500292912,0.022672064777328,0.017156862745098,0.027777777777778,0.011173184357542,0.080508474576271,-4.075,0.375,0.032733224222586,0.013071895424837,0.092105263157895,0.013816925734024,0.014018691588785,0.013245033112583,0.012672811059908,-0.0014981273408239,-0.0099502487562189,0.024242424242424,0.027580772261623
1970-12-31,0.0027560863573725,0.010236822001528,0.00031084861672373,-0.051086956521739,0.020896821941663,0.019831730769231,-0.040828062104658,0.011255924170616,-0.022169437846397,0.0049261083743841,-0.042836041358937,-0.0055555555555556,0.10798122065728,-1.7843137254902,-0.15789473684211,0.013266998341625,0.013245033112583,0.013333333333333,0.026595744680851,0.038834951456311,-0.013071895424837,0.016393442622951,0.0090702947845804,0.0060060060060059,0.018518518518519,0.024213075060533
1970-09-30,0.017194654705168,0.018677042801556,0.012909319899244,0.010989010989011,0.014128035320088,0.024,0.01399416909621,0.014423076923077,0.0104,0.0074441687344914,0.014992503748126,0.005586592178771,0.028985507246377,0.0,-0.2962962962963,-0.004950495049505,-0.0065789473684211,0.0,0.021739130434783,0.027431421446384,0.013245033112583,0.021938571998404,0.0045558086560366,0.0030120481927712,0.0093457943925233,0.041176470588235
1970-06-30,0.015757000474608,0.015649699652229,0.011142948105699,0.015625,0.0089086859688196,0.020408163265306,0.020226055919096,0.00060132291040285,0.0096930533117932,0.020253164556962,0.0045180722891566,0.0,-0.025882352941177,1.8333333333333,0.58823529411765,0.065026362038664,0.050691244239631,0.11111111111111,0.031775700934579,0.020356234096692,0.063380281690141,0.0052125100240577,-0.013483146067416,-0.031128404669261,0.045602605863192,0.026747195858499
1970-03-31,0.012299413856058,0.017860016090105,0.011268512556343,-0.013215859030837,0.021847974510696,0.024445159215182,-0.02039627039627,0.003015681544029,0.0040551500405515,0.0025380710659899,0.0030211480362538,0.011299435028249,0.0,-0.68965517241379,0.03030303030303,0.0070796460176991,0.021176470588235,-0.035714285714286,0.007532956685499,0.012886597938144,-0.0069930069930071,0.02087597216537,0.01213040181956,0.00097370983446927,0.051369863013699,0.031138790035587
1969-12-31,0.0084302325581396,0.019688269073011,0.013046314416177,0.0022075055187638,0.01712962962963,0.02641135688346,-0.033783783783784,-0.009557945041816,0.0073529411764705,0.012853470437018,0.0015128593040848,0.017241379310345,-0.055555555555556,-0.43137254901961,2.3,0.060037523452158,0.0625,0.044776119402985,0.013358778625954,0.0077922077922077,0.036231884057971,0.0012295081967214,-0.010502625656414,-0.0077294685990338,-0.023411371237458,0.01627486437613
1969-09-30,0.020367807000198,0.01718958611482,0.012884043607532,0.0022123893805308,0.017907634307257,0.021585160202361,0.028372900984366,0.023853211009174,0.033783783783784,0.059945504087193,0.021638330757341,0.023529411764706,-0.0022172949002218,0.10869565217391,-0.16666666666667,-0.01113172541744,-0.0099009900990099,-0.0074074074074074,-0.0056925996204934,-0.0153452685422,0.014705882352941,0.024349286314022,0.027756360832691,0.025768087215064,0.034602076124567,0.019354838709677
1969-06-30,0.016073940124573,0.019394351820347,0.013052208835341,0.0044444444444445,0.016283524904214,0.025951557093426,0.0017401392111368,0.016159105034183,0.020689655172414,0.025139664804469,0.015698587127159,0.03030303030303,0.0044543429844099,-0.2,5.0,0.225,0.25856697819315,0.13445378151261,0.20319634703196,0.26948051948052,0.046153846153846,0.013617021276596,0.00077160493827156,-0.0039486673247778,0.021201413427562,0.028436018957346
